{
    "key": "group_5a99c3b8bb1a3",
    "title": "SEO",
    "fields": [
        {
            "key": "field_5bd9b0b6762f8",
            "label": "Compress HTML",
            "name": "compress_html",
            "type": "true_false",
            "instructions": "",
            "required": 0,
            "conditional_logic": 0,
            "wrapper": {
                "width": "20",
                "class": "",
                "id": ""
            },
            "message": "",
            "default_value": 0,
            "ui": 1,
            "ui_on_text": "",
            "ui_off_text": ""
        },
        {
            "key": "field_5c4dd5fa94e00",
            "label": "Google Site Verification",
            "name": "google_site_verification",
            "type": "text",
            "instructions": "",
            "required": 0,
            "conditional_logic": 0,
            "wrapper": {
                "width": "80",
                "class": "",
                "id": ""
            },
            "default_value": "",
            "placeholder": "",
            "prepend": "",
            "append": "",
            "maxlength": ""
        },
        {
            "key": "field_5aad5709712fc",
            "label": "Tag Manager",
            "name": "tag_manager",
            "type": "true_false",
            "instructions": "On\/Off Tag Manager",
            "required": 0,
            "conditional_logic": 0,
            "wrapper": {
                "width": "20",
                "class": "",
                "id": ""
            },
            "message": "",
            "default_value": 0,
            "ui": 1,
            "ui_on_text": "On",
            "ui_off_text": "Off"
        },
        {
            "key": "field_5aad572d4bb53",
            "label": "GTM Id",
            "name": "gtm_id",
            "type": "text",
            "instructions": "Add GTM- and id",
            "required": 0,
            "conditional_logic": 0,
            "wrapper": {
                "width": "80",
                "class": "",
                "id": ""
            },
            "default_value": "",
            "placeholder": "GTM-XXXXXXX",
            "prepend": "",
            "append": "",
            "maxlength": ""
        },
        {
            "key": "field_5bd706bfe3723",
            "label": "Hotjar Tracking",
            "name": "hotjar_tracking",
            "type": "true_false",
            "instructions": "On\/Off Hotjar Tracking",
            "required": 0,
            "conditional_logic": 0,
            "wrapper": {
                "width": "20",
                "class": "",
                "id": ""
            },
            "message": "",
            "default_value": 0,
            "ui": 1,
            "ui_on_text": "",
            "ui_off_text": ""
        },
        {
            "key": "field_5bd706ede3724",
            "label": "Hotjar ID",
            "name": "hotjar_id",
            "type": "number",
            "instructions": "",
            "required": 0,
            "conditional_logic": 0,
            "wrapper": {
                "width": "80",
                "class": "",
                "id": ""
            },
            "default_value": "",
            "placeholder": "",
            "prepend": "",
            "append": "",
            "min": "",
            "max": "",
            "step": ""
        },
        {
            "key": "field_5bd707afe3725",
            "label": "Google Analytics",
            "name": "google_analytics",
            "type": "true_false",
            "instructions": "On\/Off Google Analytics",
            "required": 0,
            "conditional_logic": 0,
            "wrapper": {
                "width": "20",
                "class": "",
                "id": ""
            },
            "message": "",
            "default_value": 0,
            "ui": 1,
            "ui_on_text": "",
            "ui_off_text": ""
        },
        {
            "key": "field_5bd709a91e8f4",
            "label": "Google Analytics Type",
            "name": "google_analytics_type",
            "type": "radio",
            "instructions": "",
            "required": 0,
            "conditional_logic": 0,
            "wrapper": {
                "width": "20",
                "class": "",
                "id": ""
            },
            "choices": {
                "old": "Old (ga)",
                "new": "New (gtag)"
            },
            "allow_null": 0,
            "other_choice": 0,
            "default_value": "",
            "layout": "horizontal",
            "return_format": "value",
            "save_other_choice": 0
        },
        {
            "key": "field_5bd707d1e3726",
            "label": "Google Analytics ID",
            "name": "google_analytics_id",
            "type": "text",
            "instructions": "",
            "required": 0,
            "conditional_logic": 0,
            "wrapper": {
                "width": "60",
                "class": "",
                "id": ""
            },
            "default_value": "",
            "placeholder": "",
            "prepend": "",
            "append": "",
            "maxlength": ""
        }
    ],
    "location": [
        [
            {
                "param": "options_page",
                "operator": "==",
                "value": "theme-seo"
            }
        ]
    ],
    "menu_order": 0,
    "position": "normal",
    "style": "default",
    "label_placement": "top",
    "instruction_placement": "label",
    "hide_on_screen": "",
    "active": 1,
    "description": "",
    "modified": 1548604963
}