{
    "key": "group_5f8b56cd3bdcc",
    "title": "Header",
    "fields": [],
    "location": [
        [
            {
                "param": "options_page",
                "operator": "==",
                "value": "acf-options-header"
            }
        ]
    ],
    "menu_order": 0,
    "position": "normal",
    "style": "default",
    "label_placement": "top",
    "instruction_placement": "label",
    "hide_on_screen": "",
    "active": true,
    "description": "",
    "modified": 1602967253
}